{
  "encoders": {
    "rivers": {
      "Mula": 0,
      "Mula-Mutha": 1,
      "Mutha": 2
    },
    "locations": {
      "Aundh Bridge": 0,
      "Deccan Bridge": 1,
      "Harrison Bridge": 2,
      "Khadakvasla Dam": 3,
      "Mundhawa Bridge": 4,
      "Sangam Bridge": 5,
      "Theur": 6,
      "Veer Savarkar Bhavan": 7
    },
    "seasons": {
      "Autumn": 0,
      "Spring": 1,
      "Summer": 2,
      "Winter": 3
    }
  },
  "model_stats": {
    "pH": {
      "mean": 7.6807920792079205,
      "std": 0.42123871018043324,
      "min": 6.7,
      "max": 8.6
    },
    "DO (mg/L)": {
      "mean": 4.5735148514851485,
      "std": 1.5677476762712246,
      "min": 0.5,
      "max": 7.2
    },
    "BOD (mg/L)": {
      "mean": 9.44381188118812,
      "std": 5.096000117277543,
      "min": 1.8,
      "max": 32.0
    },
    "FC MPN/100ml": {
      "mean": 358.4054455445544,
      "std": 474.50431764533926,
      "min": 1.8,
      "max": 1800.0
    },
    "TC MPN/100ml": {
      "mean": 1325.5024752475247,
      "std": 645.3779953001801,
      "min": 4.0,
      "max": 1800.0
    }
  },
  "feature_importance": {
    "pH": {
      "River_encoded": 0.04506443262676113,
      "Location_encoded": 0.06410217488577259,
      "Month_Num": 0.4011127948707569,
      "Season_encoded": 0.13651237885724762,
      "Year": 0.35320821875946184
    },
    "DO (mg/L)": {
      "River_encoded": 0.027213537583575795,
      "Location_encoded": 0.3261791352910086,
      "Month_Num": 0.09911015603587661,
      "Season_encoded": 0.07980736354449805,
      "Year": 0.4676898075450409
    },
    "BOD (mg/L)": {
      "River_encoded": 0.10447605155273204,
      "Location_encoded": 0.4200613493450869,
      "Month_Num": 0.19388238826294882,
      "Season_encoded": 0.04716826830844638,
      "Year": 0.23441194253078595
    },
    "FC MPN/100ml": {
      "River_encoded": 0.017299596880216133,
      "Location_encoded": 0.2880971935241661,
      "Month_Num": 0.19987429122234449,
      "Season_encoded": 0.01987340851138936,
      "Year": 0.474855509861884
    },
    "TC MPN/100ml": {
      "River_encoded": 0.049823864576607375,
      "Location_encoded": 0.7850481763863906,
      "Month_Num": 0.08060878110921949,
      "Season_encoded": 0.005552546530738606,
      "Year": 0.07896663139704406
    }
  },
  "simplified_coefficients": {
    "pH": {
      "base": 7.5,
      "river_effect": [
        0.1,
        -0.2,
        0.05
      ],
      "location_effect": [
        0.054596638655462826,
        -0.004708916900091786,
        -0.00320336134453747,
        0.05206417112299544,
        -0.10179225023342564,
        -0.09410199148152376,
        -0.1429385726121426,
        0.21634988540870914
      ],
      "seasonal_effect": [
        0.1,
        0.0,
        -0.1,
        0.05
      ],
      "month_coefficient": 0.02,
      "year_coefficient": 0.001
    },
    "DO (mg/L)": {
      "base": 4.5,
      "river_effect": [
        0.3,
        0.2,
        0.1
      ],
      "location_effect": [
        -0.06762551174315856,
        -0.30224089635854323,
        -0.3409075630252092,
        0.4194041252864791,
        -0.4689075630252102,
        -0.5045240013813741,
        -0.6674991123209844,
        1.7960275019098555
      ],
      "seasonal_effect": [
        0.2,
        0.3,
        -0.2,
        0.1
      ],
      "month_coefficient": 0.05,
      "year_coefficient": 0.002
    },
    "BOD (mg/L)": {
      "base": 10.0,
      "river_effect": [
        -0.5,
        0.2,
        -0.3
      ],
      "location_effect": [
        -1.57924369747899,
        0.8277007469654531,
        1.1800896358543422,
        -3.1045683728036657,
        3.402700746965454,
        3.4091124669045705,
        4.339770387028052,
        -7.634438502673796
      ],
      "seasonal_effect": [
        -0.5,
        0.2,
        0.3,
        -0.2
      ],
      "month_coefficient": -0.1,
      "year_coefficient": -0.01
    },
    "FC MPN/100ml": {
      "base": 500,
      "river_effect": [
        50,
        100,
        75
      ],
      "location_effect": [
        56.217272139625095,
        115.46513538748832,
        -15.250420168067222,
        -144.99951107715813,
        5.229024276377231,
        115.4986209278232,
        145.1490164516511,
        -253.28782276546983
      ],
      "seasonal_effect": [
        100,
        50,
        -50,
        0
      ],
      "month_coefficient": 10,
      "year_coefficient": -2
    },
    "TC MPN/100ml": {
      "base": 1200,
      "river_effect": [
        100,
        200,
        150
      ],
      "location_effect": [
        123.2348847231201,
        205.4731325863679,
        129.37591036414574,
        -319.4466004583652,
        185.4731325863679,
        356.2160930125474,
        401.1176944017043,
        -1004.5375095492742
      ],
      "seasonal_effect": [
        150,
        100,
        -100,
        50
      ],
      "month_coefficient": 20,
      "year_coefficient": -5
    }
  }
}