{
  "pH": {
    "mae": 0.32134181342428597,
    "rmse": 0.3815698569257636,
    "n_test": 96
  },
  "DO (mg/L)": {
    "mae": 0.6550148987424955,
    "rmse": 0.8008328916008338,
    "n_test": 96
  },
  "BOD (mg/L)": {
    "mae": 7.980083544340289,
    "rmse": 9.689344436392332,
    "n_test": 96
  },
  "FC MPN/100ml": {
    "mae": 81.47662306545621,
    "rmse": 126.81818792853176,
    "n_test": 96
  },
  "TC MPN/100ml": {
    "mae": 511.67556950442713,
    "rmse": 715.8076675437127,
    "n_test": 96
  }
}